ID,seq,pos,frame,cds_start,cds_end
ABL1_ex9_pos1G_A,CTAGCCCCGTATTGCTAGCCAGATCTCATGGATGATCTGACTTGGGTTTCATCTGTCCAG(G/A)GTTGGCAGTGGAATCCCTCTGACCGGCCCTCCTTTGCTGAAATCCACCAAGCCTTTGAAAC,1,1,60,159
ABL1_ex9_pos2T_A,TAGCCCCGTATTGCTAGCCAGATCTCATGGATGATCTGACTTGGGTTTCATCTGTCCAGG(T/A)TTGGCAGTGGAATCCCTCTGACCGGCCCTCCTTTGCTGAAATCCACCAAGCCTTTGAAACA,2,2,59,158
ABL1_ex9_pos3T_A,AGCCCCGTATTGCTAGCCAGATCTCATGGATGATCTGACTTGGGTTTCATCTGTCCAGGT(T/A)TGGCAGTGGAATCCCTCTGACCGGCCCTCCTTTGCTGAAATCCACCAAGCCTTTGAAACAA,3,0,58,157
ABL1_ex9_pos4G_A,GCCCCGTATTGCTAGCCAGATCTCATGGATGATCTGACTTGGGTTTCATCTGTCCAGGTT(G/A)GGCAGTGGAATCCCTCTGACCGGCCCTCCTTTGCTGAAATCCACCAAGCCTTTGAAACAAT,4,1,57,156
ABL1_ex9_pos5G_A,CCCCGTATTGCTAGCCAGATCTCATGGATGATCTGACTTGGGTTTCATCTGTCCAGGTTG(G/A)GCAGTGGAATCCCTCTGACCGGCCCTCCTTTGCTGAAATCCACCAAGCCTTTGAAACAATG,5,2,56,155
ABL1_ex9_pos6C_A,CCCGTATTGCTAGCCAGATCTCATGGATGATCTGACTTGGGTTTCATCTGTCCAGGTTGG(C/A)CAGTGGAATCCCTCTGACCGGCCCTCCTTTGCTGAAATCCACCAAGCCTTTGAAACAATGT,6,0,55,154
ABL1_ex9_pos8G_A,CGTATTGCTAGCCAGATCTCATGGATGATCTGACTTGGGTTTCATCTGTCCAGGTTGGCA(G/A)GTGGAATCCCTCTGACCGGCCCTCCTTTGCTGAAATCCACCAAGCCTTTGAAACAATGTTC,8,2,53,152
ABL1_ex9_pos9T_A,GTATTGCTAGCCAGATCTCATGGATGATCTGACTTGGGTTTCATCTGTCCAGGTTGGCAG(T/A)TGGAATCCCTCTGACCGGCCCTCCTTTGCTGAAATCCACCAAGCCTTTGAAACAATGTTCC,9,0,52,151
ABL1_ex9_pos10G_A,TATTGCTAGCCAGATCTCATGGATGATCTGACTTGGGTTTCATCTGTCCAGGTTGGCAGT(G/A)GGAATCCCTCTGACCGGCCCTCCTTTGCTGAAATCCACCAAGCCTTTGAAACAATGTTCCA,10,1,51,150
ABL1_ex9_pos11G_A,ATTGCTAGCCAGATCTCATGGATGATCTGACTTGGGTTTCATCTGTCCAGGTTGGCAGTG(G/A)GAATCCCTCTGACCGGCCCTCCTTTGCTGAAATCCACCAAGCCTTTGAAACAATGTTCCAG,11,2,50,149
ABL1_ex9_pos14T_A,GCTAGCCAGATCTCATGGATGATCTGACTTGGGTTTCATCTGTCCAGGTTGGCAGTGGAA(T/A)TCCCTCTGACCGGCCCTCCTTTGCTGAAATCCACCAAGCCTTTGAAACAATGTTCCAGGAA,14,2,47,146
ABL1_ex9_pos15C_A,CTAGCCAGATCTCATGGATGATCTGACTTGGGTTTCATCTGTCCAGGTTGGCAGTGGAAT(C/A)CCCTCTGACCGGCCCTCCTTTGCTGAAATCCACCAAGCCTTTGAAACAATGTTCCAGGAAT,15,0,46,145
ABL1_ex9_pos16C_A,TAGCCAGATCTCATGGATGATCTGACTTGGGTTTCATCTGTCCAGGTTGGCAGTGGAATC(C/A)CCTCTGACCGGCCCTCCTTTGCTGAAATCCACCAAGCCTTTGAAACAATGTTCCAGGAATC,16,1,45,144
ABL1_ex9_pos17C_A,AGCCAGATCTCATGGATGATCTGACTTGGGTTTCATCTGTCCAGGTTGGCAGTGGAATCC(C/A)CTCTGACCGGCCCTCCTTTGCTGAAATCCACCAAGCCTTTGAAACAATGTTCCAGGAATCC,17,2,44,143
ABL1_ex9_pos18T_A,GCCAGATCTCATGGATGATCTGACTTGGGTTTCATCTGTCCAGGTTGGCAGTGGAATCCC(T/A)TCTGACCGGCCCTCCTTTGCTGAAATCCACCAAGCCTTTGAAACAATGTTCCAGGAATCCA,18,0,43,142
ABL1_ex9_pos19C_A,CCAGATCTCATGGATGATCTGACTTGGGTTTCATCTGTCCAGGTTGGCAGTGGAATCCCT(C/A)CTGACCGGCCCTCCTTTGCTGAAATCCACCAAGCCTTTGAAACAATGTTCCAGGAATCCAG,19,1,42,141
ABL1_ex9_pos20T_A,CAGATCTCATGGATGATCTGACTTGGGTTTCATCTGTCCAGGTTGGCAGTGGAATCCCTC(T/A)TGACCGGCCCTCCTTTGCTGAAATCCACCAAGCCTTTGAAACAATGTTCCAGGAATCCAGT,20,2,41,140
ABL1_ex9_pos21G_A,AGATCTCATGGATGATCTGACTTGGGTTTCATCTGTCCAGGTTGGCAGTGGAATCCCTCT(G/A)GACCGGCCCTCCTTTGCTGAAATCCACCAAGCCTTTGAAACAATGTTCCAGGAATCCAGTA,21,0,40,139
ABL1_ex9_pos23C_A,ATCTCATGGATGATCTGACTTGGGTTTCATCTGTCCAGGTTGGCAGTGGAATCCCTCTGA(C/A)CCGGCCCTCCTTTGCTGAAATCCACCAAGCCTTTGAAACAATGTTCCAGGAATCCAGTATC,23,2,38,137
ABL1_ex9_pos24C_A,TCTCATGGATGATCTGACTTGGGTTTCATCTGTCCAGGTTGGCAGTGGAATCCCTCTGAC(C/A)CGGCCCTCCTTTGCTGAAATCCACCAAGCCTTTGAAACAATGTTCCAGGAATCCAGTATCT,24,0,37,136
ABL1_ex9_pos25G_A,CTCATGGATGATCTGACTTGGGTTTCATCTGTCCAGGTTGGCAGTGGAATCCCTCTGACC(G/A)GGCCCTCCTTTGCTGAAATCCACCAAGCCTTTGAAACAATGTTCCAGGAATCCAGTATCTC,25,1,36,135
ABL1_ex9_pos26G_A,TCATGGATGATCTGACTTGGGTTTCATCTGTCCAGGTTGGCAGTGGAATCCCTCTGACCG(G/A)GCCCTCCTTTGCTGAAATCCACCAAGCCTTTGAAACAATGTTCCAGGAATCCAGTATCTCA,26,2,35,134
ABL1_ex9_pos27C_A,CATGGATGATCTGACTTGGGTTTCATCTGTCCAGGTTGGCAGTGGAATCCCTCTGACCGG(C/A)CCCTCCTTTGCTGAAATCCACCAAGCCTTTGAAACAATGTTCCAGGAATCCAGTATCTCAG,27,0,34,133
ABL1_ex9_pos28C_A,ATGGATGATCTGACTTGGGTTTCATCTGTCCAGGTTGGCAGTGGAATCCCTCTGACCGGC(C/A)CCTCCTTTGCTGAAATCCACCAAGCCTTTGAAACAATGTTCCAGGAATCCAGTATCTCAGA,28,1,33,132
ABL1_ex9_pos29C_A,TGGATGATCTGACTTGGGTTTCATCTGTCCAGGTTGGCAGTGGAATCCCTCTGACCGGCC(C/A)CTCCTTTGCTGAAATCCACCAAGCCTTTGAAACAATGTTCCAGGAATCCAGTATCTCAGAC,29,2,32,131
ABL1_ex9_pos30T_A,GGATGATCTGACTTGGGTTTCATCTGTCCAGGTTGGCAGTGGAATCCCTCTGACCGGCCC(T/A)TCCTTTGCTGAAATCCACCAAGCCTTTGAAACAATGTTCCAGGAATCCAGTATCTCAGACG,30,0,31,130
ABL1_ex9_pos31C_A,GATGATCTGACTTGGGTTTCATCTGTCCAGGTTGGCAGTGGAATCCCTCTGACCGGCCCT(C/A)CCTTTGCTGAAATCCACCAAGCCTTTGAAACAATGTTCCAGGAATCCAGTATCTCAGACGG,31,1,30,129
ABL1_ex9_pos32C_A,ATGATCTGACTTGGGTTTCATCTGTCCAGGTTGGCAGTGGAATCCCTCTGACCGGCCCTC(C/A)CTTTGCTGAAATCCACCAAGCCTTTGAAACAATGTTCCAGGAATCCAGTATCTCAGACGGT,32,2,29,128
ABL1_ex9_pos33T_A,TGATCTGACTTGGGTTTCATCTGTCCAGGTTGGCAGTGGAATCCCTCTGACCGGCCCTCC(T/A)TTTGCTGAAATCCACCAAGCCTTTGAAACAATGTTCCAGGAATCCAGTATCTCAGACGGTA,33,0,28,127
ABL1_ex9_pos34T_A,GATCTGACTTGGGTTTCATCTGTCCAGGTTGGCAGTGGAATCCCTCTGACCGGCCCTCCT(T/A)TTGCTGAAATCCACCAAGCCTTTGAAACAATGTTCCAGGAATCCAGTATCTCAGACGGTAA,34,1,27,126
ABL1_ex9_pos35T_A,ATCTGACTTGGGTTTCATCTGTCCAGGTTGGCAGTGGAATCCCTCTGACCGGCCCTCCTT(T/A)TGCTGAAATCCACCAAGCCTTTGAAACAATGTTCCAGGAATCCAGTATCTCAGACGGTAAA,35,2,26,125
ABL1_ex9_pos36G_A,TCTGACTTGGGTTTCATCTGTCCAGGTTGGCAGTGGAATCCCTCTGACCGGCCCTCCTTT(G/A)GCTGAAATCCACCAAGCCTTTGAAACAATGTTCCAGGAATCCAGTATCTCAGACGGTAAAG,36,0,25,124
ABL1_ex9_pos37C_A,CTGACTTGGGTTTCATCTGTCCAGGTTGGCAGTGGAATCCCTCTGACCGGCCCTCCTTTG(C/A)CTGAAATCCACCAAGCCTTTGAAACAATGTTCCAGGAATCCAGTATCTCAGACGGTAAAGT,37,1,24,123
ABL1_ex9_pos38T_A,TGACTTGGGTTTCATCTGTCCAGGTTGGCAGTGGAATCCCTCTGACCGGCCCTCCTTTGC(T/A)TGAAATCCACCAAGCCTTTGAAACAATGTTCCAGGAATCCAGTATCTCAGACGGTAAAGTA,38,2,23,122
ABL1_ex9_pos39G_A,GACTTGGGTTTCATCTGTCCAGGTTGGCAGTGGAATCCCTCTGACCGGCCCTCCTTTGCT(G/A)GAAATCCACCAAGCCTTTGAAACAATGTTCCAGGAATCCAGTATCTCAGACGGTAAAGTAC,39,0,22,121
ABL1_ex9_pos43T_A,TGGGTTTCATCTGTCCAGGTTGGCAGTGGAATCCCTCTGACCGGCCCTCCTTTGCTGAAA(T/A)TCCACCAAGCCTTTGAAACAATGTTCCAGGAATCCAGTATCTCAGACGGTAAAGTACCCAT,43,1,18,117
ABL1_ex9_pos44C_A,GGGTTTCATCTGTCCAGGTTGGCAGTGGAATCCCTCTGACCGGCCCTCCTTTGCTGAAAT(C/A)CCACCAAGCCTTTGAAACAATGTTCCAGGAATCCAGTATCTCAGACGGTAAAGTACCCATC,44,2,17,116
ABL1_ex9_pos45C_A,GGTTTCATCTGTCCAGGTTGGCAGTGGAATCCCTCTGACCGGCCCTCCTTTGCTGAAATC(C/A)CACCAAGCCTTTGAAACAATGTTCCAGGAATCCAGTATCTCAGACGGTAAAGTACCCATCC,45,0,16,115
ABL1_ex9_pos47C_A,TTTCATCTGTCCAGGTTGGCAGTGGAATCCCTCTGACCGGCCCTCCTTTGCTGAAATCCA(C/A)CCAAGCCTTTGAAACAATGTTCCAGGAATCCAGTATCTCAGACGGTAAAGTACCCATCCCG,47,2,14,113
ABL1_ex9_pos48C_A,TTCATCTGTCCAGGTTGGCAGTGGAATCCCTCTGACCGGCCCTCCTTTGCTGAAATCCAC(C/A)CAAGCCTTTGAAACAATGTTCCAGGAATCCAGTATCTCAGACGGTAAAGTACCCATCCCGG,48,0,13,112
ABL1_ex9_pos51G_A,ATCTGTCCAGGTTGGCAGTGGAATCCCTCTGACCGGCCCTCCTTTGCTGAAATCCACCAA(G/A)GCCTTTGAAACAATGTTCCAGGAATCCAGTATCTCAGACGGTAAAGTACCCATCCCGGGGT,51,0,10,109
ABL1_ex9_pos52C_A,TCTGTCCAGGTTGGCAGTGGAATCCCTCTGACCGGCCCTCCTTTGCTGAAATCCACCAAG(C/A)CCTTTGAAACAATGTTCCAGGAATCCAGTATCTCAGACGGTAAAGTACCCATCCCGGGGTA,52,1,9,108
ABL1_ex9_pos53C_A,CTGTCCAGGTTGGCAGTGGAATCCCTCTGACCGGCCCTCCTTTGCTGAAATCCACCAAGC(C/A)CTTTGAAACAATGTTCCAGGAATCCAGTATCTCAGACGGTAAAGTACCCATCCCGGGGTAC,53,2,8,107
ABL1_ex9_pos54T_A,TGTCCAGGTTGGCAGTGGAATCCCTCTGACCGGCCCTCCTTTGCTGAAATCCACCAAGCC(T/A)TTTGAAACAATGTTCCAGGAATCCAGTATCTCAGACGGTAAAGTACCCATCCCGGGGTACC,54,0,7,106
ABL1_ex9_pos55T_A,GTCCAGGTTGGCAGTGGAATCCCTCTGACCGGCCCTCCTTTGCTGAAATCCACCAAGCCT(T/A)TTGAAACAATGTTCCAGGAATCCAGTATCTCAGACGGTAAAGTACCCATCCCGGGGTACCT,55,1,6,105
ABL1_ex9_pos56T_A,TCCAGGTTGGCAGTGGAATCCCTCTGACCGGCCCTCCTTTGCTGAAATCCACCAAGCCTT(T/A)TGAAACAATGTTCCAGGAATCCAGTATCTCAGACGGTAAAGTACCCATCCCGGGGTACCTG,56,2,5,104
ABL1_ex9_pos57G_A,CCAGGTTGGCAGTGGAATCCCTCTGACCGGCCCTCCTTTGCTGAAATCCACCAAGCCTTT(G/A)GAAACAATGTTCCAGGAATCCAGTATCTCAGACGGTAAAGTACCCATCCCGGGGTACCTGC,57,0,4,103
ABL1_ex9_pos61C_A,GTTGGCAGTGGAATCCCTCTGACCGGCCCTCCTTTGCTGAAATCCACCAAGCCTTTGAAA(C/A)CAATGTTCCAGGAATCCAGTATCTCAGACGGTAAAGTACCCATCCCGGGGTACCTGCAGTG,61,1,0,99
ABL1_ex9_pos64T_A,GGCAGTGGAATCCCTCTGACCGGCCCTCCTTTGCTGAAATCCACCAAGCCTTTGAAACAA(T/A)TGTTCCAGGAATCCAGTATCTCAGACGGTAAAGTACCCATCCCGGGGTACCTGCAGTGGGG,64,1,-3,96
ABL1_ex9_pos65G_A,GCAGTGGAATCCCTCTGACCGGCCCTCCTTTGCTGAAATCCACCAAGCCTTTGAAACAAT(G/A)GTTCCAGGAATCCAGTATCTCAGACGGTAAAGTACCCATCCCGGGGTACCTGCAGTGGGGT,65,2,-4,95
ABL1_ex9_pos66T_A,CAGTGGAATCCCTCTGACCGGCCCTCCTTTGCTGAAATCCACCAAGCCTTTGAAACAATG(T/A)TTCCAGGAATCCAGTATCTCAGACGGTAAAGTACCCATCCCGGGGTACCTGCAGTGGGGTG,66,0,-5,94
ABL1_ex9_pos67T_A,AGTGGAATCCCTCTGACCGGCCCTCCTTTGCTGAAATCCACCAAGCCTTTGAAACAATGT(T/A)TCCAGGAATCCAGTATCTCAGACGGTAAAGTACCCATCCCGGGGTACCTGCAGTGGGGTGA,67,1,-6,93
ABL1_ex9_pos68C_A,GTGGAATCCCTCTGACCGGCCCTCCTTTGCTGAAATCCACCAAGCCTTTGAAACAATGTT(C/A)CCAGGAATCCAGTATCTCAGACGGTAAAGTACCCATCCCGGGGTACCTGCAGTGGGGTGAA,68,2,-7,92
ABL1_ex9_pos69C_A,TGGAATCCCTCTGACCGGCCCTCCTTTGCTGAAATCCACCAAGCCTTTGAAACAATGTTC(C/A)CAGGAATCCAGTATCTCAGACGGTAAAGTACCCATCCCGGGGTACCTGCAGTGGGGTGAAA,69,0,-8,91
ABL1_ex9_pos71G_A,GAATCCCTCTGACCGGCCCTCCTTTGCTGAAATCCACCAAGCCTTTGAAACAATGTTCCA(G/A)GGAATCCAGTATCTCAGACGGTAAAGTACCCATCCCGGGGTACCTGCAGTGGGGTGAAAGG,71,2,-10,89
ABL1_ex9_pos72G_A,AATCCCTCTGACCGGCCCTCCTTTGCTGAAATCCACCAAGCCTTTGAAACAATGTTCCAG(G/A)GAATCCAGTATCTCAGACGGTAAAGTACCCATCCCGGGGTACCTGCAGTGGGGTGAAAGGG,72,0,-11,88
ABL1_ex9_pos75T_A,CCCTCTGACCGGCCCTCCTTTGCTGAAATCCACCAAGCCTTTGAAACAATGTTCCAGGAA(T/A)TCCAGTATCTCAGACGGTAAAGTACCCATCCCGGGGTACCTGCAGTGGGGTGAAAGGGCAG,75,0,-14,85
ABL1_ex9_pos76C_A,CCTCTGACCGGCCCTCCTTTGCTGAAATCCACCAAGCCTTTGAAACAATGTTCCAGGAAT(C/A)CCAGTATCTCAGACGGTAAAGTACCCATCCCGGGGTACCTGCAGTGGGGTGAAAGGGCAGC,76,1,-15,84
ABL1_ex9_pos77C_A,CTCTGACCGGCCCTCCTTTGCTGAAATCCACCAAGCCTTTGAAACAATGTTCCAGGAATC(C/A)CAGTATCTCAGACGGTAAAGTACCCATCCCGGGGTACCTGCAGTGGGGTGAAAGGGCAGCC,77,2,-16,83
ABL1_ex9_pos79G_A,CTGACCGGCCCTCCTTTGCTGAAATCCACCAAGCCTTTGAAACAATGTTCCAGGAATCCA(G/A)GTATCTCAGACGGTAAAGTACCCATCCCGGGGTACCTGCAGTGGGGTGAAAGGGCAGCCAT,79,1,-18,81
ABL1_ex9_pos80T_A,TGACCGGCCCTCCTTTGCTGAAATCCACCAAGCCTTTGAAACAATGTTCCAGGAATCCAG(T/A)TATCTCAGACGGTAAAGTACCCATCCCGGGGTACCTGCAGTGGGGTGAAAGGGCAGCCATG,80,2,-19,80
ABL1_ex9_pos82T_A,ACCGGCCCTCCTTTGCTGAAATCCACCAAGCCTTTGAAACAATGTTCCAGGAATCCAGTA(T/A)TCTCAGACGGTAAAGTACCCATCCCGGGGTACCTGCAGTGGGGTGAAAGGGCAGCCATGTG,82,1,-21,78
ABL1_ex9_pos83C_A,CCGGCCCTCCTTTGCTGAAATCCACCAAGCCTTTGAAACAATGTTCCAGGAATCCAGTAT(C/A)CTCAGACGGTAAAGTACCCATCCCGGGGTACCTGCAGTGGGGTGAAAGGGCAGCCATGTGG,83,2,-22,77
ABL1_ex9_pos84T_A,CGGCCCTCCTTTGCTGAAATCCACCAAGCCTTTGAAACAATGTTCCAGGAATCCAGTATC(T/A)TCAGACGGTAAAGTACCCATCCCGGGGTACCTGCAGTGGGGTGAAAGGGCAGCCATGTGGG,84,0,-23,76
ABL1_ex9_pos85C_A,GGCCCTCCTTTGCTGAAATCCACCAAGCCTTTGAAACAATGTTCCAGGAATCCAGTATCT(C/A)CAGACGGTAAAGTACCCATCCCGGGGTACCTGCAGTGGGGTGAAAGGGCAGCCATGTGGGA,85,1,-24,75
ABL1_ex9_pos87G_A,CCCTCCTTTGCTGAAATCCACCAAGCCTTTGAAACAATGTTCCAGGAATCCAGTATCTCA(G/A)GACGGTAAAGTACCCATCCCGGGGTACCTGCAGTGGGGTGAAAGGGCAGCCATGTGGGACT,87,0,-26,73
ABL1_ex9_pos89C_A,CTCCTTTGCTGAAATCCACCAAGCCTTTGAAACAATGTTCCAGGAATCCAGTATCTCAGA(C/A)CGGTAAAGTACCCATCCCGGGGTACCTGCAGTGGGGTGAAAGGGCAGCCATGTGGGACTGC,89,2,-28,71
ABL1_ex9_pos90G_A,TCCTTTGCTGAAATCCACCAAGCCTTTGAAACAATGTTCCAGGAATCCAGTATCTCAGAC(G/A)GGTAAAGTACCCATCCCGGGGTACCTGCAGTGGGGTGAAAGGGCAGCCATGTGGGACTGCA,90,0,-29,70
ABL1_ex9_pos1G_C,CTAGCCCCGTATTGCTAGCCAGATCTCATGGATGATCTGACTTGGGTTTCATCTGTCCAG(G/C)GTTGGCAGTGGAATCCCTCTGACCGGCCCTCCTTTGCTGAAATCCACCAAGCCTTTGAAAC,1,1,60,159
ABL1_ex9_pos2T_C,TAGCCCCGTATTGCTAGCCAGATCTCATGGATGATCTGACTTGGGTTTCATCTGTCCAGG(T/C)TTGGCAGTGGAATCCCTCTGACCGGCCCTCCTTTGCTGAAATCCACCAAGCCTTTGAAACA,2,2,59,158
ABL1_ex9_pos3T_C,AGCCCCGTATTGCTAGCCAGATCTCATGGATGATCTGACTTGGGTTTCATCTGTCCAGGT(T/C)TGGCAGTGGAATCCCTCTGACCGGCCCTCCTTTGCTGAAATCCACCAAGCCTTTGAAACAA,3,0,58,157
ABL1_ex9_pos4G_C,GCCCCGTATTGCTAGCCAGATCTCATGGATGATCTGACTTGGGTTTCATCTGTCCAGGTT(G/C)GGCAGTGGAATCCCTCTGACCGGCCCTCCTTTGCTGAAATCCACCAAGCCTTTGAAACAAT,4,1,57,156
ABL1_ex9_pos5G_C,CCCCGTATTGCTAGCCAGATCTCATGGATGATCTGACTTGGGTTTCATCTGTCCAGGTTG(G/C)GCAGTGGAATCCCTCTGACCGGCCCTCCTTTGCTGAAATCCACCAAGCCTTTGAAACAATG,5,2,56,155
ABL1_ex9_pos7A_C,CCGTATTGCTAGCCAGATCTCATGGATGATCTGACTTGGGTTTCATCTGTCCAGGTTGGC(A/C)AGTGGAATCCCTCTGACCGGCCCTCCTTTGCTGAAATCCACCAAGCCTTTGAAACAATGTT,7,1,54,153
ABL1_ex9_pos8G_C,CGTATTGCTAGCCAGATCTCATGGATGATCTGACTTGGGTTTCATCTGTCCAGGTTGGCA(G/C)GTGGAATCCCTCTGACCGGCCCTCCTTTGCTGAAATCCACCAAGCCTTTGAAACAATGTTC,8,2,53,152
ABL1_ex9_pos9T_C,GTATTGCTAGCCAGATCTCATGGATGATCTGACTTGGGTTTCATCTGTCCAGGTTGGCAG(T/C)TGGAATCCCTCTGACCGGCCCTCCTTTGCTGAAATCCACCAAGCCTTTGAAACAATGTTCC,9,0,52,151
ABL1_ex9_pos10G_C,TATTGCTAGCCAGATCTCATGGATGATCTGACTTGGGTTTCATCTGTCCAGGTTGGCAGT(G/C)GGAATCCCTCTGACCGGCCCTCCTTTGCTGAAATCCACCAAGCCTTTGAAACAATGTTCCA,10,1,51,150
ABL1_ex9_pos11G_C,ATTGCTAGCCAGATCTCATGGATGATCTGACTTGGGTTTCATCTGTCCAGGTTGGCAGTG(G/C)GAATCCCTCTGACCGGCCCTCCTTTGCTGAAATCCACCAAGCCTTTGAAACAATGTTCCAG,11,2,50,149
ABL1_ex9_pos12A_C,TTGCTAGCCAGATCTCATGGATGATCTGACTTGGGTTTCATCTGTCCAGGTTGGCAGTGG(A/C)AATCCCTCTGACCGGCCCTCCTTTGCTGAAATCCACCAAGCCTTTGAAACAATGTTCCAGG,12,0,49,148
ABL1_ex9_pos13A_C,TGCTAGCCAGATCTCATGGATGATCTGACTTGGGTTTCATCTGTCCAGGTTGGCAGTGGA(A/C)ATCCCTCTGACCGGCCCTCCTTTGCTGAAATCCACCAAGCCTTTGAAACAATGTTCCAGGA,13,1,48,147
ABL1_ex9_pos14T_C,GCTAGCCAGATCTCATGGATGATCTGACTTGGGTTTCATCTGTCCAGGTTGGCAGTGGAA(T/C)TCCCTCTGACCGGCCCTCCTTTGCTGAAATCCACCAAGCCTTTGAAACAATGTTCCAGGAA,14,2,47,146
ABL1_ex9_pos18T_C,GCCAGATCTCATGGATGATCTGACTTGGGTTTCATCTGTCCAGGTTGGCAGTGGAATCCC(T/C)TCTGACCGGCCCTCCTTTGCTGAAATCCACCAAGCCTTTGAAACAATGTTCCAGGAATCCA,18,0,43,142
ABL1_ex9_pos20T_C,CAGATCTCATGGATGATCTGACTTGGGTTTCATCTGTCCAGGTTGGCAGTGGAATCCCTC(T/C)TGACCGGCCCTCCTTTGCTGAAATCCACCAAGCCTTTGAAACAATGTTCCAGGAATCCAGT,20,2,41,140
ABL1_ex9_pos21G_C,AGATCTCATGGATGATCTGACTTGGGTTTCATCTGTCCAGGTTGGCAGTGGAATCCCTCT(G/C)GACCGGCCCTCCTTTGCTGAAATCCACCAAGCCTTTGAAACAATGTTCCAGGAATCCAGTA,21,0,40,139
ABL1_ex9_pos22A_C,GATCTCATGGATGATCTGACTTGGGTTTCATCTGTCCAGGTTGGCAGTGGAATCCCTCTG(A/C)ACCGGCCCTCCTTTGCTGAAATCCACCAAGCCTTTGAAACAATGTTCCAGGAATCCAGTAT,22,1,39,138
ABL1_ex9_pos25G_C,CTCATGGATGATCTGACTTGGGTTTCATCTGTCCAGGTTGGCAGTGGAATCCCTCTGACC(G/C)GGCCCTCCTTTGCTGAAATCCACCAAGCCTTTGAAACAATGTTCCAGGAATCCAGTATCTC,25,1,36,135
ABL1_ex9_pos26G_C,TCATGGATGATCTGACTTGGGTTTCATCTGTCCAGGTTGGCAGTGGAATCCCTCTGACCG(G/C)GCCCTCCTTTGCTGAAATCCACCAAGCCTTTGAAACAATGTTCCAGGAATCCAGTATCTCA,26,2,35,134
ABL1_ex9_pos30T_C,GGATGATCTGACTTGGGTTTCATCTGTCCAGGTTGGCAGTGGAATCCCTCTGACCGGCCC(T/C)TCCTTTGCTGAAATCCACCAAGCCTTTGAAACAATGTTCCAGGAATCCAGTATCTCAGACG,30,0,31,130
ABL1_ex9_pos33T_C,TGATCTGACTTGGGTTTCATCTGTCCAGGTTGGCAGTGGAATCCCTCTGACCGGCCCTCC(T/C)TTTGCTGAAATCCACCAAGCCTTTGAAACAATGTTCCAGGAATCCAGTATCTCAGACGGTA,33,0,28,127
ABL1_ex9_pos34T_C,GATCTGACTTGGGTTTCATCTGTCCAGGTTGGCAGTGGAATCCCTCTGACCGGCCCTCCT(T/C)TTGCTGAAATCCACCAAGCCTTTGAAACAATGTTCCAGGAATCCAGTATCTCAGACGGTAA,34,1,27,126
ABL1_ex9_pos35T_C,ATCTGACTTGGGTTTCATCTGTCCAGGTTGGCAGTGGAATCCCTCTGACCGGCCCTCCTT(T/C)TGCTGAAATCCACCAAGCCTTTGAAACAATGTTCCAGGAATCCAGTATCTCAGACGGTAAA,35,2,26,125
ABL1_ex9_pos36G_C,TCTGACTTGGGTTTCATCTGTCCAGGTTGGCAGTGGAATCCCTCTGACCGGCCCTCCTTT(G/C)GCTGAAATCCACCAAGCCTTTGAAACAATGTTCCAGGAATCCAGTATCTCAGACGGTAAAG,36,0,25,124
ABL1_ex9_pos38T_C,TGACTTGGGTTTCATCTGTCCAGGTTGGCAGTGGAATCCCTCTGACCGGCCCTCCTTTGC(T/C)TGAAATCCACCAAGCCTTTGAAACAATGTTCCAGGAATCCAGTATCTCAGACGGTAAAGTA,38,2,23,122
ABL1_ex9_pos39G_C,GACTTGGGTTTCATCTGTCCAGGTTGGCAGTGGAATCCCTCTGACCGGCCCTCCTTTGCT(G/C)GAAATCCACCAAGCCTTTGAAACAATGTTCCAGGAATCCAGTATCTCAGACGGTAAAGTAC,39,0,22,121
ABL1_ex9_pos40A_C,ACTTGGGTTTCATCTGTCCAGGTTGGCAGTGGAATCCCTCTGACCGGCCCTCCTTTGCTG(A/C)AAATCCACCAAGCCTTTGAAACAATGTTCCAGGAATCCAGTATCTCAGACGGTAAAGTACC,40,1,21,120
ABL1_ex9_pos41A_C,CTTGGGTTTCATCTGTCCAGGTTGGCAGTGGAATCCCTCTGACCGGCCCTCCTTTGCTGA(A/C)AATCCACCAAGCCTTTGAAACAATGTTCCAGGAATCCAGTATCTCAGACGGTAAAGTACCC,41,2,20,119
ABL1_ex9_pos42A_C,TTGGGTTTCATCTGTCCAGGTTGGCAGTGGAATCCCTCTGACCGGCCCTCCTTTGCTGAA(A/C)ATCCACCAAGCCTTTGAAACAATGTTCCAGGAATCCAGTATCTCAGACGGTAAAGTACCCA,42,0,19,118
ABL1_ex9_pos43T_C,TGGGTTTCATCTGTCCAGGTTGGCAGTGGAATCCCTCTGACCGGCCCTCCTTTGCTGAAA(T/C)TCCACCAAGCCTTTGAAACAATGTTCCAGGAATCCAGTATCTCAGACGGTAAAGTACCCAT,43,1,18,117
ABL1_ex9_pos46A_C,GTTTCATCTGTCCAGGTTGGCAGTGGAATCCCTCTGACCGGCCCTCCTTTGCTGAAATCC(A/C)ACCAAGCCTTTGAAACAATGTTCCAGGAATCCAGTATCTCAGACGGTAAAGTACCCATCCC,46,1,15,114
ABL1_ex9_pos49A_C,TCATCTGTCCAGGTTGGCAGTGGAATCCCTCTGACCGGCCCTCCTTTGCTGAAATCCACC(A/C)AAGCCTTTGAAACAATGTTCCAGGAATCCAGTATCTCAGACGGTAAAGTACCCATCCCGGG,49,1,12,111
ABL1_ex9_pos50A_C,CATCTGTCCAGGTTGGCAGTGGAATCCCTCTGACCGGCCCTCCTTTGCTGAAATCCACCA(A/C)AGCCTTTGAAACAATGTTCCAGGAATCCAGTATCTCAGACGGTAAAGTACCCATCCCGGGG,50,2,11,110
ABL1_ex9_pos51G_C,ATCTGTCCAGGTTGGCAGTGGAATCCCTCTGACCGGCCCTCCTTTGCTGAAATCCACCAA(G/C)GCCTTTGAAACAATGTTCCAGGAATCCAGTATCTCAGACGGTAAAGTACCCATCCCGGGGT,51,0,10,109
ABL1_ex9_pos54T_C,TGTCCAGGTTGGCAGTGGAATCCCTCTGACCGGCCCTCCTTTGCTGAAATCCACCAAGCC(T/C)TTTGAAACAATGTTCCAGGAATCCAGTATCTCAGACGGTAAAGTACCCATCCCGGGGTACC,54,0,7,106
ABL1_ex9_pos55T_C,GTCCAGGTTGGCAGTGGAATCCCTCTGACCGGCCCTCCTTTGCTGAAATCCACCAAGCCT(T/C)TTGAAACAATGTTCCAGGAATCCAGTATCTCAGACGGTAAAGTACCCATCCCGGGGTACCT,55,1,6,105
ABL1_ex9_pos56T_C,TCCAGGTTGGCAGTGGAATCCCTCTGACCGGCCCTCCTTTGCTGAAATCCACCAAGCCTT(T/C)TGAAACAATGTTCCAGGAATCCAGTATCTCAGACGGTAAAGTACCCATCCCGGGGTACCTG,56,2,5,104
ABL1_ex9_pos57G_C,CCAGGTTGGCAGTGGAATCCCTCTGACCGGCCCTCCTTTGCTGAAATCCACCAAGCCTTT(G/C)GAAACAATGTTCCAGGAATCCAGTATCTCAGACGGTAAAGTACCCATCCCGGGGTACCTGC,57,0,4,103
ABL1_ex9_pos58A_C,CAGGTTGGCAGTGGAATCCCTCTGACCGGCCCTCCTTTGCTGAAATCCACCAAGCCTTTG(A/C)AAACAATGTTCCAGGAATCCAGTATCTCAGACGGTAAAGTACCCATCCCGGGGTACCTGCA,58,1,3,102
ABL1_ex9_pos59A_C,AGGTTGGCAGTGGAATCCCTCTGACCGGCCCTCCTTTGCTGAAATCCACCAAGCCTTTGA(A/C)AACAATGTTCCAGGAATCCAGTATCTCAGACGGTAAAGTACCCATCCCGGGGTACCTGCAG,59,2,2,101
ABL1_ex9_pos60A_C,GGTTGGCAGTGGAATCCCTCTGACCGGCCCTCCTTTGCTGAAATCCACCAAGCCTTTGAA(A/C)ACAATGTTCCAGGAATCCAGTATCTCAGACGGTAAAGTACCCATCCCGGGGTACCTGCAGT,60,0,1,100
ABL1_ex9_pos62A_C,TTGGCAGTGGAATCCCTCTGACCGGCCCTCCTTTGCTGAAATCCACCAAGCCTTTGAAAC(A/C)AATGTTCCAGGAATCCAGTATCTCAGACGGTAAAGTACCCATCCCGGGGTACCTGCAGTGG,62,2,-1,98
ABL1_ex9_pos63A_C,TGGCAGTGGAATCCCTCTGACCGGCCCTCCTTTGCTGAAATCCACCAAGCCTTTGAAACA(A/C)ATGTTCCAGGAATCCAGTATCTCAGACGGTAAAGTACCCATCCCGGGGTACCTGCAGTGGG,63,0,-2,97
ABL1_ex9_pos64T_C,GGCAGTGGAATCCCTCTGACCGGCCCTCCTTTGCTGAAATCCACCAAGCCTTTGAAACAA(T/C)TGTTCCAGGAATCCAGTATCTCAGACGGTAAAGTACCCATCCCGGGGTACCTGCAGTGGGG,64,1,-3,96
ABL1_ex9_pos65G_C,GCAGTGGAATCCCTCTGACCGGCCCTCCTTTGCTGAAATCCACCAAGCCTTTGAAACAAT(G/C)GTTCCAGGAATCCAGTATCTCAGACGGTAAAGTACCCATCCCGGGGTACCTGCAGTGGGGT,65,2,-4,95
ABL1_ex9_pos66T_C,CAGTGGAATCCCTCTGACCGGCCCTCCTTTGCTGAAATCCACCAAGCCTTTGAAACAATG(T/C)TTCCAGGAATCCAGTATCTCAGACGGTAAAGTACCCATCCCGGGGTACCTGCAGTGGGGTG,66,0,-5,94
ABL1_ex9_pos67T_C,AGTGGAATCCCTCTGACCGGCCCTCCTTTGCTGAAATCCACCAAGCCTTTGAAACAATGT(T/C)TCCAGGAATCCAGTATCTCAGACGGTAAAGTACCCATCCCGGGGTACCTGCAGTGGGGTGA,67,1,-6,93
ABL1_ex9_pos70A_C,GGAATCCCTCTGACCGGCCCTCCTTTGCTGAAATCCACCAAGCCTTTGAAACAATGTTCC(A/C)AGGAATCCAGTATCTCAGACGGTAAAGTACCCATCCCGGGGTACCTGCAGTGGGGTGAAAG,70,1,-9,90
ABL1_ex9_pos71G_C,GAATCCCTCTGACCGGCCCTCCTTTGCTGAAATCCACCAAGCCTTTGAAACAATGTTCCA(G/C)GGAATCCAGTATCTCAGACGGTAAAGTACCCATCCCGGGGTACCTGCAGTGGGGTGAAAGG,71,2,-10,89
ABL1_ex9_pos72G_C,AATCCCTCTGACCGGCCCTCCTTTGCTGAAATCCACCAAGCCTTTGAAACAATGTTCCAG(G/C)GAATCCAGTATCTCAGACGGTAAAGTACCCATCCCGGGGTACCTGCAGTGGGGTGAAAGGG,72,0,-11,88
ABL1_ex9_pos73A_C,ATCCCTCTGACCGGCCCTCCTTTGCTGAAATCCACCAAGCCTTTGAAACAATGTTCCAGG(A/C)AATCCAGTATCTCAGACGGTAAAGTACCCATCCCGGGGTACCTGCAGTGGGGTGAAAGGGC,73,1,-12,87
ABL1_ex9_pos74A_C,TCCCTCTGACCGGCCCTCCTTTGCTGAAATCCACCAAGCCTTTGAAACAATGTTCCAGGA(A/C)ATCCAGTATCTCAGACGGTAAAGTACCCATCCCGGGGTACCTGCAGTGGGGTGAAAGGGCA,74,2,-13,86
ABL1_ex9_pos75T_C,CCCTCTGACCGGCCCTCCTTTGCTGAAATCCACCAAGCCTTTGAAACAATGTTCCAGGAA(T/C)TCCAGTATCTCAGACGGTAAAGTACCCATCCCGGGGTACCTGCAGTGGGGTGAAAGGGCAG,75,0,-14,85
ABL1_ex9_pos78A_C,TCTGACCGGCCCTCCTTTGCTGAAATCCACCAAGCCTTTGAAACAATGTTCCAGGAATCC(A/C)AGTATCTCAGACGGTAAAGTACCCATCCCGGGGTACCTGCAGTGGGGTGAAAGGGCAGCCA,78,0,-17,82
ABL1_ex9_pos79G_C,CTGACCGGCCCTCCTTTGCTGAAATCCACCAAGCCTTTGAAACAATGTTCCAGGAATCCA(G/C)GTATCTCAGACGGTAAAGTACCCATCCCGGGGTACCTGCAGTGGGGTGAAAGGGCAGCCAT,79,1,-18,81
ABL1_ex9_pos80T_C,TGACCGGCCCTCCTTTGCTGAAATCCACCAAGCCTTTGAAACAATGTTCCAGGAATCCAG(T/C)TATCTCAGACGGTAAAGTACCCATCCCGGGGTACCTGCAGTGGGGTGAAAGGGCAGCCATG,80,2,-19,80
ABL1_ex9_pos81A_C,GACCGGCCCTCCTTTGCTGAAATCCACCAAGCCTTTGAAACAATGTTCCAGGAATCCAGT(A/C)ATCTCAGACGGTAAAGTACCCATCCCGGGGTACCTGCAGTGGGGTGAAAGGGCAGCCATGT,81,0,-20,79
ABL1_ex9_pos82T_C,ACCGGCCCTCCTTTGCTGAAATCCACCAAGCCTTTGAAACAATGTTCCAGGAATCCAGTA(T/C)TCTCAGACGGTAAAGTACCCATCCCGGGGTACCTGCAGTGGGGTGAAAGGGCAGCCATGTG,82,1,-21,78
ABL1_ex9_pos84T_C,CGGCCCTCCTTTGCTGAAATCCACCAAGCCTTTGAAACAATGTTCCAGGAATCCAGTATC(T/C)TCAGACGGTAAAGTACCCATCCCGGGGTACCTGCAGTGGGGTGAAAGGGCAGCCATGTGGG,84,0,-23,76
ABL1_ex9_pos86A_C,GCCCTCCTTTGCTGAAATCCACCAAGCCTTTGAAACAATGTTCCAGGAATCCAGTATCTC(A/C)AGACGGTAAAGTACCCATCCCGGGGTACCTGCAGTGGGGTGAAAGGGCAGCCATGTGGGAC,86,2,-25,74
ABL1_ex9_pos87G_C,CCCTCCTTTGCTGAAATCCACCAAGCCTTTGAAACAATGTTCCAGGAATCCAGTATCTCA(G/C)GACGGTAAAGTACCCATCCCGGGGTACCTGCAGTGGGGTGAAAGGGCAGCCATGTGGGACT,87,0,-26,73
ABL1_ex9_pos88A_C,CCTCCTTTGCTGAAATCCACCAAGCCTTTGAAACAATGTTCCAGGAATCCAGTATCTCAG(A/C)ACGGTAAAGTACCCATCCCGGGGTACCTGCAGTGGGGTGAAAGGGCAGCCATGTGGGACTG,88,1,-27,72
ABL1_ex9_pos90G_C,TCCTTTGCTGAAATCCACCAAGCCTTTGAAACAATGTTCCAGGAATCCAGTATCTCAGAC(G/C)GGTAAAGTACCCATCCCGGGGTACCTGCAGTGGGGTGAAAGGGCAGCCATGTGGGACTGCA,90,0,-29,70
ABL1_ex9_pos2T_G,TAGCCCCGTATTGCTAGCCAGATCTCATGGATGATCTGACTTGGGTTTCATCTGTCCAGG(T/G)TTGGCAGTGGAATCCCTCTGACCGGCCCTCCTTTGCTGAAATCCACCAAGCCTTTGAAACA,2,2,59,158
ABL1_ex9_pos3T_G,AGCCCCGTATTGCTAGCCAGATCTCATGGATGATCTGACTTGGGTTTCATCTGTCCAGGT(T/G)TGGCAGTGGAATCCCTCTGACCGGCCCTCCTTTGCTGAAATCCACCAAGCCTTTGAAACAA,3,0,58,157
ABL1_ex9_pos6C_G,CCCGTATTGCTAGCCAGATCTCATGGATGATCTGACTTGGGTTTCATCTGTCCAGGTTGG(C/G)CAGTGGAATCCCTCTGACCGGCCCTCCTTTGCTGAAATCCACCAAGCCTTTGAAACAATGT,6,0,55,154
ABL1_ex9_pos7A_G,CCGTATTGCTAGCCAGATCTCATGGATGATCTGACTTGGGTTTCATCTGTCCAGGTTGGC(A/G)AGTGGAATCCCTCTGACCGGCCCTCCTTTGCTGAAATCCACCAAGCCTTTGAAACAATGTT,7,1,54,153
ABL1_ex9_pos9T_G,GTATTGCTAGCCAGATCTCATGGATGATCTGACTTGGGTTTCATCTGTCCAGGTTGGCAG(T/G)TGGAATCCCTCTGACCGGCCCTCCTTTGCTGAAATCCACCAAGCCTTTGAAACAATGTTCC,9,0,52,151
ABL1_ex9_pos12A_G,TTGCTAGCCAGATCTCATGGATGATCTGACTTGGGTTTCATCTGTCCAGGTTGGCAGTGG(A/G)AATCCCTCTGACCGGCCCTCCTTTGCTGAAATCCACCAAGCCTTTGAAACAATGTTCCAGG,12,0,49,148
ABL1_ex9_pos13A_G,TGCTAGCCAGATCTCATGGATGATCTGACTTGGGTTTCATCTGTCCAGGTTGGCAGTGGA(A/G)ATCCCTCTGACCGGCCCTCCTTTGCTGAAATCCACCAAGCCTTTGAAACAATGTTCCAGGA,13,1,48,147
ABL1_ex9_pos14T_G,GCTAGCCAGATCTCATGGATGATCTGACTTGGGTTTCATCTGTCCAGGTTGGCAGTGGAA(T/G)TCCCTCTGACCGGCCCTCCTTTGCTGAAATCCACCAAGCCTTTGAAACAATGTTCCAGGAA,14,2,47,146
ABL1_ex9_pos15C_G,CTAGCCAGATCTCATGGATGATCTGACTTGGGTTTCATCTGTCCAGGTTGGCAGTGGAAT(C/G)CCCTCTGACCGGCCCTCCTTTGCTGAAATCCACCAAGCCTTTGAAACAATGTTCCAGGAAT,15,0,46,145
ABL1_ex9_pos16C_G,TAGCCAGATCTCATGGATGATCTGACTTGGGTTTCATCTGTCCAGGTTGGCAGTGGAATC(C/G)CCTCTGACCGGCCCTCCTTTGCTGAAATCCACCAAGCCTTTGAAACAATGTTCCAGGAATC,16,1,45,144
ABL1_ex9_pos17C_G,AGCCAGATCTCATGGATGATCTGACTTGGGTTTCATCTGTCCAGGTTGGCAGTGGAATCC(C/G)CTCTGACCGGCCCTCCTTTGCTGAAATCCACCAAGCCTTTGAAACAATGTTCCAGGAATCC,17,2,44,143
ABL1_ex9_pos18T_G,GCCAGATCTCATGGATGATCTGACTTGGGTTTCATCTGTCCAGGTTGGCAGTGGAATCCC(T/G)TCTGACCGGCCCTCCTTTGCTGAAATCCACCAAGCCTTTGAAACAATGTTCCAGGAATCCA,18,0,43,142
ABL1_ex9_pos19C_G,CCAGATCTCATGGATGATCTGACTTGGGTTTCATCTGTCCAGGTTGGCAGTGGAATCCCT(C/G)CTGACCGGCCCTCCTTTGCTGAAATCCACCAAGCCTTTGAAACAATGTTCCAGGAATCCAG,19,1,42,141
ABL1_ex9_pos20T_G,CAGATCTCATGGATGATCTGACTTGGGTTTCATCTGTCCAGGTTGGCAGTGGAATCCCTC(T/G)TGACCGGCCCTCCTTTGCTGAAATCCACCAAGCCTTTGAAACAATGTTCCAGGAATCCAGT,20,2,41,140
ABL1_ex9_pos22A_G,GATCTCATGGATGATCTGACTTGGGTTTCATCTGTCCAGGTTGGCAGTGGAATCCCTCTG(A/G)ACCGGCCCTCCTTTGCTGAAATCCACCAAGCCTTTGAAACAATGTTCCAGGAATCCAGTAT,22,1,39,138
ABL1_ex9_pos23C_G,ATCTCATGGATGATCTGACTTGGGTTTCATCTGTCCAGGTTGGCAGTGGAATCCCTCTGA(C/G)CCGGCCCTCCTTTGCTGAAATCCACCAAGCCTTTGAAACAATGTTCCAGGAATCCAGTATC,23,2,38,137
ABL1_ex9_pos24C_G,TCTCATGGATGATCTGACTTGGGTTTCATCTGTCCAGGTTGGCAGTGGAATCCCTCTGAC(C/G)CGGCCCTCCTTTGCTGAAATCCACCAAGCCTTTGAAACAATGTTCCAGGAATCCAGTATCT,24,0,37,136
ABL1_ex9_pos27C_G,CATGGATGATCTGACTTGGGTTTCATCTGTCCAGGTTGGCAGTGGAATCCCTCTGACCGG(C/G)CCCTCCTTTGCTGAAATCCACCAAGCCTTTGAAACAATGTTCCAGGAATCCAGTATCTCAG,27,0,34,133
ABL1_ex9_pos28C_G,ATGGATGATCTGACTTGGGTTTCATCTGTCCAGGTTGGCAGTGGAATCCCTCTGACCGGC(C/G)CCTCCTTTGCTGAAATCCACCAAGCCTTTGAAACAATGTTCCAGGAATCCAGTATCTCAGA,28,1,33,132
ABL1_ex9_pos29C_G,TGGATGATCTGACTTGGGTTTCATCTGTCCAGGTTGGCAGTGGAATCCCTCTGACCGGCC(C/G)CTCCTTTGCTGAAATCCACCAAGCCTTTGAAACAATGTTCCAGGAATCCAGTATCTCAGAC,29,2,32,131
ABL1_ex9_pos30T_G,GGATGATCTGACTTGGGTTTCATCTGTCCAGGTTGGCAGTGGAATCCCTCTGACCGGCCC(T/G)TCCTTTGCTGAAATCCACCAAGCCTTTGAAACAATGTTCCAGGAATCCAGTATCTCAGACG,30,0,31,130
ABL1_ex9_pos31C_G,GATGATCTGACTTGGGTTTCATCTGTCCAGGTTGGCAGTGGAATCCCTCTGACCGGCCCT(C/G)CCTTTGCTGAAATCCACCAAGCCTTTGAAACAATGTTCCAGGAATCCAGTATCTCAGACGG,31,1,30,129
ABL1_ex9_pos32C_G,ATGATCTGACTTGGGTTTCATCTGTCCAGGTTGGCAGTGGAATCCCTCTGACCGGCCCTC(C/G)CTTTGCTGAAATCCACCAAGCCTTTGAAACAATGTTCCAGGAATCCAGTATCTCAGACGGT,32,2,29,128
ABL1_ex9_pos33T_G,TGATCTGACTTGGGTTTCATCTGTCCAGGTTGGCAGTGGAATCCCTCTGACCGGCCCTCC(T/G)TTTGCTGAAATCCACCAAGCCTTTGAAACAATGTTCCAGGAATCCAGTATCTCAGACGGTA,33,0,28,127
ABL1_ex9_pos34T_G,GATCTGACTTGGGTTTCATCTGTCCAGGTTGGCAGTGGAATCCCTCTGACCGGCCCTCCT(T/G)TTGCTGAAATCCACCAAGCCTTTGAAACAATGTTCCAGGAATCCAGTATCTCAGACGGTAA,34,1,27,126
ABL1_ex9_pos35T_G,ATCTGACTTGGGTTTCATCTGTCCAGGTTGGCAGTGGAATCCCTCTGACCGGCCCTCCTT(T/G)TGCTGAAATCCACCAAGCCTTTGAAACAATGTTCCAGGAATCCAGTATCTCAGACGGTAAA,35,2,26,125
ABL1_ex9_pos37C_G,CTGACTTGGGTTTCATCTGTCCAGGTTGGCAGTGGAATCCCTCTGACCGGCCCTCCTTTG(C/G)CTGAAATCCACCAAGCCTTTGAAACAATGTTCCAGGAATCCAGTATCTCAGACGGTAAAGT,37,1,24,123
ABL1_ex9_pos38T_G,TGACTTGGGTTTCATCTGTCCAGGTTGGCAGTGGAATCCCTCTGACCGGCCCTCCTTTGC(T/G)TGAAATCCACCAAGCCTTTGAAACAATGTTCCAGGAATCCAGTATCTCAGACGGTAAAGTA,38,2,23,122
ABL1_ex9_pos40A_G,ACTTGGGTTTCATCTGTCCAGGTTGGCAGTGGAATCCCTCTGACCGGCCCTCCTTTGCTG(A/G)AAATCCACCAAGCCTTTGAAACAATGTTCCAGGAATCCAGTATCTCAGACGGTAAAGTACC,40,1,21,120
ABL1_ex9_pos41A_G,CTTGGGTTTCATCTGTCCAGGTTGGCAGTGGAATCCCTCTGACCGGCCCTCCTTTGCTGA(A/G)AATCCACCAAGCCTTTGAAACAATGTTCCAGGAATCCAGTATCTCAGACGGTAAAGTACCC,41,2,20,119
ABL1_ex9_pos42A_G,TTGGGTTTCATCTGTCCAGGTTGGCAGTGGAATCCCTCTGACCGGCCCTCCTTTGCTGAA(A/G)ATCCACCAAGCCTTTGAAACAATGTTCCAGGAATCCAGTATCTCAGACGGTAAAGTACCCA,42,0,19,118
ABL1_ex9_pos43T_G,TGGGTTTCATCTGTCCAGGTTGGCAGTGGAATCCCTCTGACCGGCCCTCCTTTGCTGAAA(T/G)TCCACCAAGCCTTTGAAACAATGTTCCAGGAATCCAGTATCTCAGACGGTAAAGTACCCAT,43,1,18,117
ABL1_ex9_pos44C_G,GGGTTTCATCTGTCCAGGTTGGCAGTGGAATCCCTCTGACCGGCCCTCCTTTGCTGAAAT(C/G)CCACCAAGCCTTTGAAACAATGTTCCAGGAATCCAGTATCTCAGACGGTAAAGTACCCATC,44,2,17,116
ABL1_ex9_pos45C_G,GGTTTCATCTGTCCAGGTTGGCAGTGGAATCCCTCTGACCGGCCCTCCTTTGCTGAAATC(C/G)CACCAAGCCTTTGAAACAATGTTCCAGGAATCCAGTATCTCAGACGGTAAAGTACCCATCC,45,0,16,115
ABL1_ex9_pos46A_G,GTTTCATCTGTCCAGGTTGGCAGTGGAATCCCTCTGACCGGCCCTCCTTTGCTGAAATCC(A/G)ACCAAGCCTTTGAAACAATGTTCCAGGAATCCAGTATCTCAGACGGTAAAGTACCCATCCC,46,1,15,114
ABL1_ex9_pos47C_G,TTTCATCTGTCCAGGTTGGCAGTGGAATCCCTCTGACCGGCCCTCCTTTGCTGAAATCCA(C/G)CCAAGCCTTTGAAACAATGTTCCAGGAATCCAGTATCTCAGACGGTAAAGTACCCATCCCG,47,2,14,113
ABL1_ex9_pos48C_G,TTCATCTGTCCAGGTTGGCAGTGGAATCCCTCTGACCGGCCCTCCTTTGCTGAAATCCAC(C/G)CAAGCCTTTGAAACAATGTTCCAGGAATCCAGTATCTCAGACGGTAAAGTACCCATCCCGG,48,0,13,112
ABL1_ex9_pos49A_G,TCATCTGTCCAGGTTGGCAGTGGAATCCCTCTGACCGGCCCTCCTTTGCTGAAATCCACC(A/G)AAGCCTTTGAAACAATGTTCCAGGAATCCAGTATCTCAGACGGTAAAGTACCCATCCCGGG,49,1,12,111
ABL1_ex9_pos50A_G,CATCTGTCCAGGTTGGCAGTGGAATCCCTCTGACCGGCCCTCCTTTGCTGAAATCCACCA(A/G)AGCCTTTGAAACAATGTTCCAGGAATCCAGTATCTCAGACGGTAAAGTACCCATCCCGGGG,50,2,11,110
ABL1_ex9_pos52C_G,TCTGTCCAGGTTGGCAGTGGAATCCCTCTGACCGGCCCTCCTTTGCTGAAATCCACCAAG(C/G)CCTTTGAAACAATGTTCCAGGAATCCAGTATCTCAGACGGTAAAGTACCCATCCCGGGGTA,52,1,9,108
ABL1_ex9_pos53C_G,CTGTCCAGGTTGGCAGTGGAATCCCTCTGACCGGCCCTCCTTTGCTGAAATCCACCAAGC(C/G)CTTTGAAACAATGTTCCAGGAATCCAGTATCTCAGACGGTAAAGTACCCATCCCGGGGTAC,53,2,8,107
ABL1_ex9_pos54T_G,TGTCCAGGTTGGCAGTGGAATCCCTCTGACCGGCCCTCCTTTGCTGAAATCCACCAAGCC(T/G)TTTGAAACAATGTTCCAGGAATCCAGTATCTCAGACGGTAAAGTACCCATCCCGGGGTACC,54,0,7,106
ABL1_ex9_pos55T_G,GTCCAGGTTGGCAGTGGAATCCCTCTGACCGGCCCTCCTTTGCTGAAATCCACCAAGCCT(T/G)TTGAAACAATGTTCCAGGAATCCAGTATCTCAGACGGTAAAGTACCCATCCCGGGGTACCT,55,1,6,105
ABL1_ex9_pos56T_G,TCCAGGTTGGCAGTGGAATCCCTCTGACCGGCCCTCCTTTGCTGAAATCCACCAAGCCTT(T/G)TGAAACAATGTTCCAGGAATCCAGTATCTCAGACGGTAAAGTACCCATCCCGGGGTACCTG,56,2,5,104
ABL1_ex9_pos58A_G,CAGGTTGGCAGTGGAATCCCTCTGACCGGCCCTCCTTTGCTGAAATCCACCAAGCCTTTG(A/G)AAACAATGTTCCAGGAATCCAGTATCTCAGACGGTAAAGTACCCATCCCGGGGTACCTGCA,58,1,3,102
ABL1_ex9_pos59A_G,AGGTTGGCAGTGGAATCCCTCTGACCGGCCCTCCTTTGCTGAAATCCACCAAGCCTTTGA(A/G)AACAATGTTCCAGGAATCCAGTATCTCAGACGGTAAAGTACCCATCCCGGGGTACCTGCAG,59,2,2,101
ABL1_ex9_pos60A_G,GGTTGGCAGTGGAATCCCTCTGACCGGCCCTCCTTTGCTGAAATCCACCAAGCCTTTGAA(A/G)ACAATGTTCCAGGAATCCAGTATCTCAGACGGTAAAGTACCCATCCCGGGGTACCTGCAGT,60,0,1,100
ABL1_ex9_pos61C_G,GTTGGCAGTGGAATCCCTCTGACCGGCCCTCCTTTGCTGAAATCCACCAAGCCTTTGAAA(C/G)CAATGTTCCAGGAATCCAGTATCTCAGACGGTAAAGTACCCATCCCGGGGTACCTGCAGTG,61,1,0,99
ABL1_ex9_pos62A_G,TTGGCAGTGGAATCCCTCTGACCGGCCCTCCTTTGCTGAAATCCACCAAGCCTTTGAAAC(A/G)AATGTTCCAGGAATCCAGTATCTCAGACGGTAAAGTACCCATCCCGGGGTACCTGCAGTGG,62,2,-1,98
ABL1_ex9_pos63A_G,TGGCAGTGGAATCCCTCTGACCGGCCCTCCTTTGCTGAAATCCACCAAGCCTTTGAAACA(A/G)ATGTTCCAGGAATCCAGTATCTCAGACGGTAAAGTACCCATCCCGGGGTACCTGCAGTGGG,63,0,-2,97
ABL1_ex9_pos64T_G,GGCAGTGGAATCCCTCTGACCGGCCCTCCTTTGCTGAAATCCACCAAGCCTTTGAAACAA(T/G)TGTTCCAGGAATCCAGTATCTCAGACGGTAAAGTACCCATCCCGGGGTACCTGCAGTGGGG,64,1,-3,96
ABL1_ex9_pos66T_G,CAGTGGAATCCCTCTGACCGGCCCTCCTTTGCTGAAATCCACCAAGCCTTTGAAACAATG(T/G)TTCCAGGAATCCAGTATCTCAGACGGTAAAGTACCCATCCCGGGGTACCTGCAGTGGGGTG,66,0,-5,94
ABL1_ex9_pos67T_G,AGTGGAATCCCTCTGACCGGCCCTCCTTTGCTGAAATCCACCAAGCCTTTGAAACAATGT(T/G)TCCAGGAATCCAGTATCTCAGACGGTAAAGTACCCATCCCGGGGTACCTGCAGTGGGGTGA,67,1,-6,93
ABL1_ex9_pos68C_G,GTGGAATCCCTCTGACCGGCCCTCCTTTGCTGAAATCCACCAAGCCTTTGAAACAATGTT(C/G)CCAGGAATCCAGTATCTCAGACGGTAAAGTACCCATCCCGGGGTACCTGCAGTGGGGTGAA,68,2,-7,92
ABL1_ex9_pos69C_G,TGGAATCCCTCTGACCGGCCCTCCTTTGCTGAAATCCACCAAGCCTTTGAAACAATGTTC(C/G)CAGGAATCCAGTATCTCAGACGGTAAAGTACCCATCCCGGGGTACCTGCAGTGGGGTGAAA,69,0,-8,91
ABL1_ex9_pos70A_G,GGAATCCCTCTGACCGGCCCTCCTTTGCTGAAATCCACCAAGCCTTTGAAACAATGTTCC(A/G)AGGAATCCAGTATCTCAGACGGTAAAGTACCCATCCCGGGGTACCTGCAGTGGGGTGAAAG,70,1,-9,90
ABL1_ex9_pos73A_G,ATCCCTCTGACCGGCCCTCCTTTGCTGAAATCCACCAAGCCTTTGAAACAATGTTCCAGG(A/G)AATCCAGTATCTCAGACGGTAAAGTACCCATCCCGGGGTACCTGCAGTGGGGTGAAAGGGC,73,1,-12,87
ABL1_ex9_pos74A_G,TCCCTCTGACCGGCCCTCCTTTGCTGAAATCCACCAAGCCTTTGAAACAATGTTCCAGGA(A/G)ATCCAGTATCTCAGACGGTAAAGTACCCATCCCGGGGTACCTGCAGTGGGGTGAAAGGGCA,74,2,-13,86
ABL1_ex9_pos75T_G,CCCTCTGACCGGCCCTCCTTTGCTGAAATCCACCAAGCCTTTGAAACAATGTTCCAGGAA(T/G)TCCAGTATCTCAGACGGTAAAGTACCCATCCCGGGGTACCTGCAGTGGGGTGAAAGGGCAG,75,0,-14,85
ABL1_ex9_pos76C_G,CCTCTGACCGGCCCTCCTTTGCTGAAATCCACCAAGCCTTTGAAACAATGTTCCAGGAAT(C/G)CCAGTATCTCAGACGGTAAAGTACCCATCCCGGGGTACCTGCAGTGGGGTGAAAGGGCAGC,76,1,-15,84
ABL1_ex9_pos77C_G,CTCTGACCGGCCCTCCTTTGCTGAAATCCACCAAGCCTTTGAAACAATGTTCCAGGAATC(C/G)CAGTATCTCAGACGGTAAAGTACCCATCCCGGGGTACCTGCAGTGGGGTGAAAGGGCAGCC,77,2,-16,83
ABL1_ex9_pos78A_G,TCTGACCGGCCCTCCTTTGCTGAAATCCACCAAGCCTTTGAAACAATGTTCCAGGAATCC(A/G)AGTATCTCAGACGGTAAAGTACCCATCCCGGGGTACCTGCAGTGGGGTGAAAGGGCAGCCA,78,0,-17,82
ABL1_ex9_pos80T_G,TGACCGGCCCTCCTTTGCTGAAATCCACCAAGCCTTTGAAACAATGTTCCAGGAATCCAG(T/G)TATCTCAGACGGTAAAGTACCCATCCCGGGGTACCTGCAGTGGGGTGAAAGGGCAGCCATG,80,2,-19,80
ABL1_ex9_pos81A_G,GACCGGCCCTCCTTTGCTGAAATCCACCAAGCCTTTGAAACAATGTTCCAGGAATCCAGT(A/G)ATCTCAGACGGTAAAGTACCCATCCCGGGGTACCTGCAGTGGGGTGAAAGGGCAGCCATGT,81,0,-20,79
ABL1_ex9_pos82T_G,ACCGGCCCTCCTTTGCTGAAATCCACCAAGCCTTTGAAACAATGTTCCAGGAATCCAGTA(T/G)TCTCAGACGGTAAAGTACCCATCCCGGGGTACCTGCAGTGGGGTGAAAGGGCAGCCATGTG,82,1,-21,78
ABL1_ex9_pos83C_G,CCGGCCCTCCTTTGCTGAAATCCACCAAGCCTTTGAAACAATGTTCCAGGAATCCAGTAT(C/G)CTCAGACGGTAAAGTACCCATCCCGGGGTACCTGCAGTGGGGTGAAAGGGCAGCCATGTGG,83,2,-22,77
ABL1_ex9_pos84T_G,CGGCCCTCCTTTGCTGAAATCCACCAAGCCTTTGAAACAATGTTCCAGGAATCCAGTATC(T/G)TCAGACGGTAAAGTACCCATCCCGGGGTACCTGCAGTGGGGTGAAAGGGCAGCCATGTGGG,84,0,-23,76
ABL1_ex9_pos85C_G,GGCCCTCCTTTGCTGAAATCCACCAAGCCTTTGAAACAATGTTCCAGGAATCCAGTATCT(C/G)CAGACGGTAAAGTACCCATCCCGGGGTACCTGCAGTGGGGTGAAAGGGCAGCCATGTGGGA,85,1,-24,75
ABL1_ex9_pos86A_G,GCCCTCCTTTGCTGAAATCCACCAAGCCTTTGAAACAATGTTCCAGGAATCCAGTATCTC(A/G)AGACGGTAAAGTACCCATCCCGGGGTACCTGCAGTGGGGTGAAAGGGCAGCCATGTGGGAC,86,2,-25,74
ABL1_ex9_pos88A_G,CCTCCTTTGCTGAAATCCACCAAGCCTTTGAAACAATGTTCCAGGAATCCAGTATCTCAG(A/G)ACGGTAAAGTACCCATCCCGGGGTACCTGCAGTGGGGTGAAAGGGCAGCCATGTGGGACTG,88,1,-27,72
ABL1_ex9_pos89C_G,CTCCTTTGCTGAAATCCACCAAGCCTTTGAAACAATGTTCCAGGAATCCAGTATCTCAGA(C/G)CGGTAAAGTACCCATCCCGGGGTACCTGCAGTGGGGTGAAAGGGCAGCCATGTGGGACTGC,89,2,-28,71
ABL1_ex9_pos1G_T,CTAGCCCCGTATTGCTAGCCAGATCTCATGGATGATCTGACTTGGGTTTCATCTGTCCAG(G/T)GTTGGCAGTGGAATCCCTCTGACCGGCCCTCCTTTGCTGAAATCCACCAAGCCTTTGAAAC,1,1,60,159
ABL1_ex9_pos4G_T,GCCCCGTATTGCTAGCCAGATCTCATGGATGATCTGACTTGGGTTTCATCTGTCCAGGTT(G/T)GGCAGTGGAATCCCTCTGACCGGCCCTCCTTTGCTGAAATCCACCAAGCCTTTGAAACAAT,4,1,57,156
ABL1_ex9_pos5G_T,CCCCGTATTGCTAGCCAGATCTCATGGATGATCTGACTTGGGTTTCATCTGTCCAGGTTG(G/T)GCAGTGGAATCCCTCTGACCGGCCCTCCTTTGCTGAAATCCACCAAGCCTTTGAAACAATG,5,2,56,155
ABL1_ex9_pos6C_T,CCCGTATTGCTAGCCAGATCTCATGGATGATCTGACTTGGGTTTCATCTGTCCAGGTTGG(C/T)CAGTGGAATCCCTCTGACCGGCCCTCCTTTGCTGAAATCCACCAAGCCTTTGAAACAATGT,6,0,55,154
ABL1_ex9_pos7A_T,CCGTATTGCTAGCCAGATCTCATGGATGATCTGACTTGGGTTTCATCTGTCCAGGTTGGC(A/T)AGTGGAATCCCTCTGACCGGCCCTCCTTTGCTGAAATCCACCAAGCCTTTGAAACAATGTT,7,1,54,153
ABL1_ex9_pos8G_T,CGTATTGCTAGCCAGATCTCATGGATGATCTGACTTGGGTTTCATCTGTCCAGGTTGGCA(G/T)GTGGAATCCCTCTGACCGGCCCTCCTTTGCTGAAATCCACCAAGCCTTTGAAACAATGTTC,8,2,53,152
ABL1_ex9_pos10G_T,TATTGCTAGCCAGATCTCATGGATGATCTGACTTGGGTTTCATCTGTCCAGGTTGGCAGT(G/T)GGAATCCCTCTGACCGGCCCTCCTTTGCTGAAATCCACCAAGCCTTTGAAACAATGTTCCA,10,1,51,150
ABL1_ex9_pos11G_T,ATTGCTAGCCAGATCTCATGGATGATCTGACTTGGGTTTCATCTGTCCAGGTTGGCAGTG(G/T)GAATCCCTCTGACCGGCCCTCCTTTGCTGAAATCCACCAAGCCTTTGAAACAATGTTCCAG,11,2,50,149
ABL1_ex9_pos12A_T,TTGCTAGCCAGATCTCATGGATGATCTGACTTGGGTTTCATCTGTCCAGGTTGGCAGTGG(A/T)AATCCCTCTGACCGGCCCTCCTTTGCTGAAATCCACCAAGCCTTTGAAACAATGTTCCAGG,12,0,49,148
ABL1_ex9_pos13A_T,TGCTAGCCAGATCTCATGGATGATCTGACTTGGGTTTCATCTGTCCAGGTTGGCAGTGGA(A/T)ATCCCTCTGACCGGCCCTCCTTTGCTGAAATCCACCAAGCCTTTGAAACAATGTTCCAGGA,13,1,48,147
ABL1_ex9_pos15C_T,CTAGCCAGATCTCATGGATGATCTGACTTGGGTTTCATCTGTCCAGGTTGGCAGTGGAAT(C/T)CCCTCTGACCGGCCCTCCTTTGCTGAAATCCACCAAGCCTTTGAAACAATGTTCCAGGAAT,15,0,46,145
ABL1_ex9_pos16C_T,TAGCCAGATCTCATGGATGATCTGACTTGGGTTTCATCTGTCCAGGTTGGCAGTGGAATC(C/T)CCTCTGACCGGCCCTCCTTTGCTGAAATCCACCAAGCCTTTGAAACAATGTTCCAGGAATC,16,1,45,144
ABL1_ex9_pos17C_T,AGCCAGATCTCATGGATGATCTGACTTGGGTTTCATCTGTCCAGGTTGGCAGTGGAATCC(C/T)CTCTGACCGGCCCTCCTTTGCTGAAATCCACCAAGCCTTTGAAACAATGTTCCAGGAATCC,17,2,44,143
ABL1_ex9_pos19C_T,CCAGATCTCATGGATGATCTGACTTGGGTTTCATCTGTCCAGGTTGGCAGTGGAATCCCT(C/T)CTGACCGGCCCTCCTTTGCTGAAATCCACCAAGCCTTTGAAACAATGTTCCAGGAATCCAG,19,1,42,141
ABL1_ex9_pos21G_T,AGATCTCATGGATGATCTGACTTGGGTTTCATCTGTCCAGGTTGGCAGTGGAATCCCTCT(G/T)GACCGGCCCTCCTTTGCTGAAATCCACCAAGCCTTTGAAACAATGTTCCAGGAATCCAGTA,21,0,40,139
ABL1_ex9_pos22A_T,GATCTCATGGATGATCTGACTTGGGTTTCATCTGTCCAGGTTGGCAGTGGAATCCCTCTG(A/T)ACCGGCCCTCCTTTGCTGAAATCCACCAAGCCTTTGAAACAATGTTCCAGGAATCCAGTAT,22,1,39,138
ABL1_ex9_pos23C_T,ATCTCATGGATGATCTGACTTGGGTTTCATCTGTCCAGGTTGGCAGTGGAATCCCTCTGA(C/T)CCGGCCCTCCTTTGCTGAAATCCACCAAGCCTTTGAAACAATGTTCCAGGAATCCAGTATC,23,2,38,137
ABL1_ex9_pos24C_T,TCTCATGGATGATCTGACTTGGGTTTCATCTGTCCAGGTTGGCAGTGGAATCCCTCTGAC(C/T)CGGCCCTCCTTTGCTGAAATCCACCAAGCCTTTGAAACAATGTTCCAGGAATCCAGTATCT,24,0,37,136
ABL1_ex9_pos25G_T,CTCATGGATGATCTGACTTGGGTTTCATCTGTCCAGGTTGGCAGTGGAATCCCTCTGACC(G/T)GGCCCTCCTTTGCTGAAATCCACCAAGCCTTTGAAACAATGTTCCAGGAATCCAGTATCTC,25,1,36,135
ABL1_ex9_pos26G_T,TCATGGATGATCTGACTTGGGTTTCATCTGTCCAGGTTGGCAGTGGAATCCCTCTGACCG(G/T)GCCCTCCTTTGCTGAAATCCACCAAGCCTTTGAAACAATGTTCCAGGAATCCAGTATCTCA,26,2,35,134
ABL1_ex9_pos27C_T,CATGGATGATCTGACTTGGGTTTCATCTGTCCAGGTTGGCAGTGGAATCCCTCTGACCGG(C/T)CCCTCCTTTGCTGAAATCCACCAAGCCTTTGAAACAATGTTCCAGGAATCCAGTATCTCAG,27,0,34,133
ABL1_ex9_pos28C_T,ATGGATGATCTGACTTGGGTTTCATCTGTCCAGGTTGGCAGTGGAATCCCTCTGACCGGC(C/T)CCTCCTTTGCTGAAATCCACCAAGCCTTTGAAACAATGTTCCAGGAATCCAGTATCTCAGA,28,1,33,132
ABL1_ex9_pos29C_T,TGGATGATCTGACTTGGGTTTCATCTGTCCAGGTTGGCAGTGGAATCCCTCTGACCGGCC(C/T)CTCCTTTGCTGAAATCCACCAAGCCTTTGAAACAATGTTCCAGGAATCCAGTATCTCAGAC,29,2,32,131
ABL1_ex9_pos31C_T,GATGATCTGACTTGGGTTTCATCTGTCCAGGTTGGCAGTGGAATCCCTCTGACCGGCCCT(C/T)CCTTTGCTGAAATCCACCAAGCCTTTGAAACAATGTTCCAGGAATCCAGTATCTCAGACGG,31,1,30,129
ABL1_ex9_pos32C_T,ATGATCTGACTTGGGTTTCATCTGTCCAGGTTGGCAGTGGAATCCCTCTGACCGGCCCTC(C/T)CTTTGCTGAAATCCACCAAGCCTTTGAAACAATGTTCCAGGAATCCAGTATCTCAGACGGT,32,2,29,128
ABL1_ex9_pos36G_T,TCTGACTTGGGTTTCATCTGTCCAGGTTGGCAGTGGAATCCCTCTGACCGGCCCTCCTTT(G/T)GCTGAAATCCACCAAGCCTTTGAAACAATGTTCCAGGAATCCAGTATCTCAGACGGTAAAG,36,0,25,124
ABL1_ex9_pos37C_T,CTGACTTGGGTTTCATCTGTCCAGGTTGGCAGTGGAATCCCTCTGACCGGCCCTCCTTTG(C/T)CTGAAATCCACCAAGCCTTTGAAACAATGTTCCAGGAATCCAGTATCTCAGACGGTAAAGT,37,1,24,123
ABL1_ex9_pos39G_T,GACTTGGGTTTCATCTGTCCAGGTTGGCAGTGGAATCCCTCTGACCGGCCCTCCTTTGCT(G/T)GAAATCCACCAAGCCTTTGAAACAATGTTCCAGGAATCCAGTATCTCAGACGGTAAAGTAC,39,0,22,121
ABL1_ex9_pos40A_T,ACTTGGGTTTCATCTGTCCAGGTTGGCAGTGGAATCCCTCTGACCGGCCCTCCTTTGCTG(A/T)AAATCCACCAAGCCTTTGAAACAATGTTCCAGGAATCCAGTATCTCAGACGGTAAAGTACC,40,1,21,120
ABL1_ex9_pos41A_T,CTTGGGTTTCATCTGTCCAGGTTGGCAGTGGAATCCCTCTGACCGGCCCTCCTTTGCTGA(A/T)AATCCACCAAGCCTTTGAAACAATGTTCCAGGAATCCAGTATCTCAGACGGTAAAGTACCC,41,2,20,119
ABL1_ex9_pos42A_T,TTGGGTTTCATCTGTCCAGGTTGGCAGTGGAATCCCTCTGACCGGCCCTCCTTTGCTGAA(A/T)ATCCACCAAGCCTTTGAAACAATGTTCCAGGAATCCAGTATCTCAGACGGTAAAGTACCCA,42,0,19,118
ABL1_ex9_pos44C_T,GGGTTTCATCTGTCCAGGTTGGCAGTGGAATCCCTCTGACCGGCCCTCCTTTGCTGAAAT(C/T)CCACCAAGCCTTTGAAACAATGTTCCAGGAATCCAGTATCTCAGACGGTAAAGTACCCATC,44,2,17,116
ABL1_ex9_pos45C_T,GGTTTCATCTGTCCAGGTTGGCAGTGGAATCCCTCTGACCGGCCCTCCTTTGCTGAAATC(C/T)CACCAAGCCTTTGAAACAATGTTCCAGGAATCCAGTATCTCAGACGGTAAAGTACCCATCC,45,0,16,115
ABL1_ex9_pos46A_T,GTTTCATCTGTCCAGGTTGGCAGTGGAATCCCTCTGACCGGCCCTCCTTTGCTGAAATCC(A/T)ACCAAGCCTTTGAAACAATGTTCCAGGAATCCAGTATCTCAGACGGTAAAGTACCCATCCC,46,1,15,114
ABL1_ex9_pos47C_T,TTTCATCTGTCCAGGTTGGCAGTGGAATCCCTCTGACCGGCCCTCCTTTGCTGAAATCCA(C/T)CCAAGCCTTTGAAACAATGTTCCAGGAATCCAGTATCTCAGACGGTAAAGTACCCATCCCG,47,2,14,113
ABL1_ex9_pos48C_T,TTCATCTGTCCAGGTTGGCAGTGGAATCCCTCTGACCGGCCCTCCTTTGCTGAAATCCAC(C/T)CAAGCCTTTGAAACAATGTTCCAGGAATCCAGTATCTCAGACGGTAAAGTACCCATCCCGG,48,0,13,112
ABL1_ex9_pos49A_T,TCATCTGTCCAGGTTGGCAGTGGAATCCCTCTGACCGGCCCTCCTTTGCTGAAATCCACC(A/T)AAGCCTTTGAAACAATGTTCCAGGAATCCAGTATCTCAGACGGTAAAGTACCCATCCCGGG,49,1,12,111
ABL1_ex9_pos50A_T,CATCTGTCCAGGTTGGCAGTGGAATCCCTCTGACCGGCCCTCCTTTGCTGAAATCCACCA(A/T)AGCCTTTGAAACAATGTTCCAGGAATCCAGTATCTCAGACGGTAAAGTACCCATCCCGGGG,50,2,11,110
ABL1_ex9_pos51G_T,ATCTGTCCAGGTTGGCAGTGGAATCCCTCTGACCGGCCCTCCTTTGCTGAAATCCACCAA(G/T)GCCTTTGAAACAATGTTCCAGGAATCCAGTATCTCAGACGGTAAAGTACCCATCCCGGGGT,51,0,10,109
ABL1_ex9_pos52C_T,TCTGTCCAGGTTGGCAGTGGAATCCCTCTGACCGGCCCTCCTTTGCTGAAATCCACCAAG(C/T)CCTTTGAAACAATGTTCCAGGAATCCAGTATCTCAGACGGTAAAGTACCCATCCCGGGGTA,52,1,9,108
ABL1_ex9_pos53C_T,CTGTCCAGGTTGGCAGTGGAATCCCTCTGACCGGCCCTCCTTTGCTGAAATCCACCAAGC(C/T)CTTTGAAACAATGTTCCAGGAATCCAGTATCTCAGACGGTAAAGTACCCATCCCGGGGTAC,53,2,8,107
ABL1_ex9_pos57G_T,CCAGGTTGGCAGTGGAATCCCTCTGACCGGCCCTCCTTTGCTGAAATCCACCAAGCCTTT(G/T)GAAACAATGTTCCAGGAATCCAGTATCTCAGACGGTAAAGTACCCATCCCGGGGTACCTGC,57,0,4,103
ABL1_ex9_pos58A_T,CAGGTTGGCAGTGGAATCCCTCTGACCGGCCCTCCTTTGCTGAAATCCACCAAGCCTTTG(A/T)AAACAATGTTCCAGGAATCCAGTATCTCAGACGGTAAAGTACCCATCCCGGGGTACCTGCA,58,1,3,102
ABL1_ex9_pos59A_T,AGGTTGGCAGTGGAATCCCTCTGACCGGCCCTCCTTTGCTGAAATCCACCAAGCCTTTGA(A/T)AACAATGTTCCAGGAATCCAGTATCTCAGACGGTAAAGTACCCATCCCGGGGTACCTGCAG,59,2,2,101
ABL1_ex9_pos60A_T,GGTTGGCAGTGGAATCCCTCTGACCGGCCCTCCTTTGCTGAAATCCACCAAGCCTTTGAA(A/T)ACAATGTTCCAGGAATCCAGTATCTCAGACGGTAAAGTACCCATCCCGGGGTACCTGCAGT,60,0,1,100
ABL1_ex9_pos61C_T,GTTGGCAGTGGAATCCCTCTGACCGGCCCTCCTTTGCTGAAATCCACCAAGCCTTTGAAA(C/T)CAATGTTCCAGGAATCCAGTATCTCAGACGGTAAAGTACCCATCCCGGGGTACCTGCAGTG,61,1,0,99
ABL1_ex9_pos62A_T,TTGGCAGTGGAATCCCTCTGACCGGCCCTCCTTTGCTGAAATCCACCAAGCCTTTGAAAC(A/T)AATGTTCCAGGAATCCAGTATCTCAGACGGTAAAGTACCCATCCCGGGGTACCTGCAGTGG,62,2,-1,98
ABL1_ex9_pos63A_T,TGGCAGTGGAATCCCTCTGACCGGCCCTCCTTTGCTGAAATCCACCAAGCCTTTGAAACA(A/T)ATGTTCCAGGAATCCAGTATCTCAGACGGTAAAGTACCCATCCCGGGGTACCTGCAGTGGG,63,0,-2,97
ABL1_ex9_pos65G_T,GCAGTGGAATCCCTCTGACCGGCCCTCCTTTGCTGAAATCCACCAAGCCTTTGAAACAAT(G/T)GTTCCAGGAATCCAGTATCTCAGACGGTAAAGTACCCATCCCGGGGTACCTGCAGTGGGGT,65,2,-4,95
ABL1_ex9_pos68C_T,GTGGAATCCCTCTGACCGGCCCTCCTTTGCTGAAATCCACCAAGCCTTTGAAACAATGTT(C/T)CCAGGAATCCAGTATCTCAGACGGTAAAGTACCCATCCCGGGGTACCTGCAGTGGGGTGAA,68,2,-7,92
ABL1_ex9_pos69C_T,TGGAATCCCTCTGACCGGCCCTCCTTTGCTGAAATCCACCAAGCCTTTGAAACAATGTTC(C/T)CAGGAATCCAGTATCTCAGACGGTAAAGTACCCATCCCGGGGTACCTGCAGTGGGGTGAAA,69,0,-8,91
ABL1_ex9_pos70A_T,GGAATCCCTCTGACCGGCCCTCCTTTGCTGAAATCCACCAAGCCTTTGAAACAATGTTCC(A/T)AGGAATCCAGTATCTCAGACGGTAAAGTACCCATCCCGGGGTACCTGCAGTGGGGTGAAAG,70,1,-9,90
ABL1_ex9_pos71G_T,GAATCCCTCTGACCGGCCCTCCTTTGCTGAAATCCACCAAGCCTTTGAAACAATGTTCCA(G/T)GGAATCCAGTATCTCAGACGGTAAAGTACCCATCCCGGGGTACCTGCAGTGGGGTGAAAGG,71,2,-10,89
ABL1_ex9_pos72G_T,AATCCCTCTGACCGGCCCTCCTTTGCTGAAATCCACCAAGCCTTTGAAACAATGTTCCAG(G/T)GAATCCAGTATCTCAGACGGTAAAGTACCCATCCCGGGGTACCTGCAGTGGGGTGAAAGGG,72,0,-11,88
ABL1_ex9_pos73A_T,ATCCCTCTGACCGGCCCTCCTTTGCTGAAATCCACCAAGCCTTTGAAACAATGTTCCAGG(A/T)AATCCAGTATCTCAGACGGTAAAGTACCCATCCCGGGGTACCTGCAGTGGGGTGAAAGGGC,73,1,-12,87
ABL1_ex9_pos74A_T,TCCCTCTGACCGGCCCTCCTTTGCTGAAATCCACCAAGCCTTTGAAACAATGTTCCAGGA(A/T)ATCCAGTATCTCAGACGGTAAAGTACCCATCCCGGGGTACCTGCAGTGGGGTGAAAGGGCA,74,2,-13,86
ABL1_ex9_pos76C_T,CCTCTGACCGGCCCTCCTTTGCTGAAATCCACCAAGCCTTTGAAACAATGTTCCAGGAAT(C/T)CCAGTATCTCAGACGGTAAAGTACCCATCCCGGGGTACCTGCAGTGGGGTGAAAGGGCAGC,76,1,-15,84
ABL1_ex9_pos77C_T,CTCTGACCGGCCCTCCTTTGCTGAAATCCACCAAGCCTTTGAAACAATGTTCCAGGAATC(C/T)CAGTATCTCAGACGGTAAAGTACCCATCCCGGGGTACCTGCAGTGGGGTGAAAGGGCAGCC,77,2,-16,83
ABL1_ex9_pos78A_T,TCTGACCGGCCCTCCTTTGCTGAAATCCACCAAGCCTTTGAAACAATGTTCCAGGAATCC(A/T)AGTATCTCAGACGGTAAAGTACCCATCCCGGGGTACCTGCAGTGGGGTGAAAGGGCAGCCA,78,0,-17,82
ABL1_ex9_pos79G_T,CTGACCGGCCCTCCTTTGCTGAAATCCACCAAGCCTTTGAAACAATGTTCCAGGAATCCA(G/T)GTATCTCAGACGGTAAAGTACCCATCCCGGGGTACCTGCAGTGGGGTGAAAGGGCAGCCAT,79,1,-18,81
ABL1_ex9_pos81A_T,GACCGGCCCTCCTTTGCTGAAATCCACCAAGCCTTTGAAACAATGTTCCAGGAATCCAGT(A/T)ATCTCAGACGGTAAAGTACCCATCCCGGGGTACCTGCAGTGGGGTGAAAGGGCAGCCATGT,81,0,-20,79
ABL1_ex9_pos83C_T,CCGGCCCTCCTTTGCTGAAATCCACCAAGCCTTTGAAACAATGTTCCAGGAATCCAGTAT(C/T)CTCAGACGGTAAAGTACCCATCCCGGGGTACCTGCAGTGGGGTGAAAGGGCAGCCATGTGG,83,2,-22,77
ABL1_ex9_pos85C_T,GGCCCTCCTTTGCTGAAATCCACCAAGCCTTTGAAACAATGTTCCAGGAATCCAGTATCT(C/T)CAGACGGTAAAGTACCCATCCCGGGGTACCTGCAGTGGGGTGAAAGGGCAGCCATGTGGGA,85,1,-24,75
ABL1_ex9_pos86A_T,GCCCTCCTTTGCTGAAATCCACCAAGCCTTTGAAACAATGTTCCAGGAATCCAGTATCTC(A/T)AGACGGTAAAGTACCCATCCCGGGGTACCTGCAGTGGGGTGAAAGGGCAGCCATGTGGGAC,86,2,-25,74
ABL1_ex9_pos87G_T,CCCTCCTTTGCTGAAATCCACCAAGCCTTTGAAACAATGTTCCAGGAATCCAGTATCTCA(G/T)GACGGTAAAGTACCCATCCCGGGGTACCTGCAGTGGGGTGAAAGGGCAGCCATGTGGGACT,87,0,-26,73
ABL1_ex9_pos88A_T,CCTCCTTTGCTGAAATCCACCAAGCCTTTGAAACAATGTTCCAGGAATCCAGTATCTCAG(A/T)ACGGTAAAGTACCCATCCCGGGGTACCTGCAGTGGGGTGAAAGGGCAGCCATGTGGGACTG,88,1,-27,72
ABL1_ex9_pos89C_T,CTCCTTTGCTGAAATCCACCAAGCCTTTGAAACAATGTTCCAGGAATCCAGTATCTCAGA(C/T)CGGTAAAGTACCCATCCCGGGGTACCTGCAGTGGGGTGAAAGGGCAGCCATGTGGGACTGC,89,2,-28,71
ABL1_ex9_pos90G_T,TCCTTTGCTGAAATCCACCAAGCCTTTGAAACAATGTTCCAGGAATCCAGTATCTCAGAC(G/T)GGTAAAGTACCCATCCCGGGGTACCTGCAGTGGGGTGAAAGGGCAGCCATGTGGGACTGCA,90,0,-29,70
